RMSE_dec,RMSE_nov,RMSE_oct
36.831786387057264,39.58693383002224,43.38590017680889
31.407773728153956,34.189656393643084,36.1616268189456
28.715005743440923,31.543402991093025,34.05973463574489
25.9656850309773,29.215875428401453,32.503606057243346
23.597864744634208,26.768827721580724,29.69848802656683
19.564068237933853,23.777097540512692,26.69378661995296
