month,RMSE
4,8.0750962838627
5,7.322591440658707
6,5.565633800672537
