month,RMSE
4,8.665117287517171
5,8.606557804695383
6,6.865344182501159
