,month,RMSE
0,1,25.744670771535585
1,2,18.320962365121478
2,3,16.287113562752882
3,4,14.075563318277872
4,5,11.027068064004936
5,6,6.447490719651018
