month,RMSE
3,8.933813429382672
4,8.373562021706247
5,8.43241707379766
