month,RMSE
3,9.010785962517113
4,8.598341417915684
5,8.730046183891785
