,month,RMSE
0,1,24.72202909404148
1,2,18.438658462039523
2,3,17.543663777093062
3,4,14.372246080248374
4,5,11.990063238164122
5,12,27.3081872488622
