month,RMSE
4,8.985785717833311
5,8.59762219486678
12,6.819515111415234
