month,RMSE
4,8.885919615101482
11,14.302093394376298
12,7.134158256796924
