month,RMSE
2,8.394660068004553
3,8.964751654855228
4,8.758857722205665
