,month,RMSE
0,1,24.690319804256053
1,2,18.647848192211683
2,3,16.647167186817892
3,4,16.447900984659388
4,11,33.58758768157673
5,12,25.822492591244142
